metric,value
RMSE,2.0415189266204834
MAE,0.9802297949790955
R2,0.9167033433914185
