metric,value
RMSE,2.8839645385742188
MAE,1.3838647603988647
R2,0.8339744806289673
