metric,value
RMSE,2.512880563735962
MAE,1.3100963830947876
R2,0.8696442246437073
