metric,value
RMSE,1.8883551359176636
MAE,1.0356462001800537
R2,0.9263870716094971
