metric,value
RMSE,2.5324923992156982
MAE,1.316490888595581
R2,0.867481529712677
