{
  "model": "PPU_PSG",
  "des": "frozen_pso_top1",
  "modules": "PSG",
  "dataset": "pv2017_ext",
  "year": 2017,
  "pred_len": 1,
  "lookback_len": 168,
  "num_variates": 17,
  "target_idx": 4,
  "use_psg": true,
  "use_wase": false,
  "use_dsc": false,
  "use_pgia": false,
  "use_ppu": true,
  "use_revin": true,
  "dim": 192,
  "depth": 2,
  "heads": 2,
  "dim_head": 16,
  "batch_size": 128,
  "learning_rate": 0.0001273536110892301,
  "weight_decay": 0.0,
  "gate_lr_mult": 5.324064377906677,
  "dsc_gamma_bound": 0.009999999776482582,
  "dsc_lr_mult": 0.6302068101206094,
  "dsc_gamma_lr_mult": 1.024075658413647,
  "epochs": 200,
  "train_ratio": 0.8,
  "device": "cuda",
  "metrics": {
    "RMSE": 1.3915801048278809,
    "MAE": 0.7825433015823364,
    "R2": 0.9613193869590759,
    "best_sample_idx": 1707,
    "num_test_samples": 1752,
    "best_epoch": 200,
    "train_time_sec": 514.79,
    "total_params": 683997
  }
}