metric,value
RMSE,1.3915801048278809
MAE,0.7825433015823364
R2,0.9613193869590759
