metric,value
RMSE,2.456376552581787
MAE,1.1727615594863892
R2,0.8794101476669312
