metric,value
RMSE,2.456472635269165
MAE,1.3268417119979858
R2,0.8753774762153625
