metric,value
RMSE,1.1024471521377563
MAE,0.5387926697731018
R2,0.9771990180015564
