metric,value
RMSE,2.516065835952759
MAE,1.3334364891052246
R2,0.8734896779060364
