metric,value
RMSE,2.4855828285217285
MAE,1.781873345375061
R2,0.8766748905181885
