{
  "model": "iTransformer_PGIA",
  "des": "ppu_former",
  "dataset": "pv2017_ext",
  "year": 2017,
  "num_samples": 8760,
  "pred_len": 24,
  "lookback_len": 168,
  "num_variates": 17,
  "target_idx": 4,
  "dim": 128,
  "depth": 5,
  "heads": 1,
  "dim_head": 32,
  "phys_hidden_dim": 32,
  "psg_hidden_dim": 32,
  "wase_hidden_dim": 64,
  "dsc_kernels": [
    3,
    5,
    7
  ],
  "dsc_dropout": 0.0,
  "batch_size": 32,
  "learning_rate": 0.00019,
  "epochs": 100,
  "train_ratio": 0.9,
  "device": "cuda",
  "metrics": {
    "RMSE": 2.129408359527588,
    "MAE": 1.215911865234375,
    "R2": 0.9063089489936829,
    "best_sample_idx": 219,
    "num_test_samples": 857,
    "best_epoch": 98,
    "train_time_sec": 1542.0,
    "total_params": 932448,
    "ppu_gates_final": {
      "gamma_psg": 0.9833542704582214,
      "gamma_wase": 1.0230023860931396,
      "gamma_dsc": 0.998103141784668,
      "alpha_pgia_layer0": 1.0113383531570435,
      "alpha_pgia_layer1": 1.0432958602905273,
      "alpha_pgia_layer2": 1.0922600030899048,
      "alpha_pgia_layer3": 1.0534783601760864,
      "alpha_pgia_layer4": 1.3398867845535278
    }
  }
}