metric,value
RMSE,2.129408359527588
MAE,1.215911865234375
R2,0.9063089489936829
