metric,value
RMSE,1.4591177701950073
MAE,0.7367293238639832
R2,0.9560303092002869
