metric,value
RMSE,2.1104087829589844
MAE,1.3236740827560425
R2,0.911094605922699
