metric,value
RMSE,2.4898345470428467
MAE,1.5308727025985718
R2,0.8720242977142334
