metric,value
RMSE,1.5179365873336792
MAE,0.71527099609375
R2,0.9567998647689819
