metric,value
RMSE,29.657384872436523
MAE,10.911441802978516
R2,-17.756200790405273
