{
  "name": "Full",
  "experiment_phase": "module_screening_first_round",
  "config": {
    "use_psg": true,
    "use_wase": true,
    "use_dsc": true,
    "use_pgia": true
  },
  "module_status": {
    "has_psg": true,
    "psg_in_forward": true,
    "has_wase": true,
    "wase_in_forward": true,
    "has_dsc": true,
    "dsc_in_forward": true,
    "pgia_in_forward": true
  },
  "init_hashes": {
    "backbone_full": "ed88e99f727a2ea9",
    "backbone_shared": "2f2d0a1d46148446",
    "psg": "aad098194ec50ec0",
    "wase": "2f17c1c42b3fa44d",
    "dsc": "b76a3fcb3912d2c0"
  },
  "val_best_epoch": 50,
  "val_rmse": 29.65738398451029,
  "val_mae": 10.911441802978516,
  "val_mse": 879.5604248046875,
  "val_r2": -17.756200790405273,
  "val_rmse_last": 29.65738398451029,
  "val_rmse_history": [
    410.6377851890885,
    212.56968526520896,
    149.52578686467427,
    143.6526436625863,
    158.38891636767076,
    171.03696831752484,
    170.85662506360413,
    162.99781919553402,
    152.61724488897053,
    142.47048076926322,
    131.45130395891857,
    122.0063675016083,
    114.25701308481025,
    107.05455494454685,
    101.38222943550068,
    85.40213926257937,
    83.93981521378875,
    82.06119393953058,
    80.12585620154863,
    76.97374882265056,
    74.08086863459587,
    71.13155244971284,
    68.31764976586395,
    65.45474939796195,
    62.86432097432136,
    60.596411187694315,
    58.37620866655568,
    56.277597396743936,
    54.40463003762869,
    52.542156623574655,
    50.93451870109798,
    49.31578975481002,
    47.77468377871538,
    46.22042181307008,
    44.83422563272324,
    43.470210255846474,
    42.2725545959824,
    40.9452864136055,
    39.8426087459103,
    38.708562143318176,
    37.60831200460794,
    36.589589990913055,
    35.64557896576639,
    34.69203412089456,
    33.7928041642189,
    32.91398925193606,
    32.00263775444436,
    31.232794091432364,
    30.4296754653378,
    29.65738398451029
  ],
  "train_time_sec": 483.0,
  "total_params": 837047,
  "dataset": "pv2017_ext",
  "seed": 35040,
  "optimizer": "AdamW",
  "learning_rate": 0.00019,
  "gate_lr_mult": 5,
  "weight_decay": 0.0,
  "batch_size": 32,
  "epochs": 50,
  "pred_len": 4,
  "lookback_len": 168,
  "num_variates": 17,
  "target_idx": 4,
  "dim": 128,
  "depth": 4,
  "heads": 2,
  "dim_head": 32,
  "attn_dropout": 0.1,
  "ff_dropout": 0.1,
  "phys_hidden_dim": 32,
  "psg_hidden_dim": 64,
  "wase_hidden_dim": 64,
  "dsc_kernels": [
    3,
    5,
    7
  ],
  "dsc_dropout": 0.0,
  "use_ppu": true,
  "split": {
    "outer_total": 8760,
    "phase_total": 7008,
    "inner_train_samples": 5435,
    "val_samples": 1399,
    "train_ratio_outer": 0.8,
    "train_ratio_inner": 0.8
  }
}