{
  "model": "iTransformer_PGIA",
  "des": "ablation_full",
  "dataset": "pv2017_ext",
  "year": 2017,
  "num_samples": 8760,
  "pred_len": 4,
  "lookback_len": 168,
  "num_variates": 17,
  "target_idx": 4,
  "dim": 128,
  "depth": 4,
  "heads": 2,
  "dim_head": 32,
  "phys_hidden_dim": 32,
  "psg_hidden_dim": 64,
  "wase_hidden_dim": 64,
  "dsc_kernels": [
    3,
    5,
    7
  ],
  "dsc_dropout": 0.0,
  "batch_size": 128,
  "learning_rate": 0.001951,
  "epochs": 200,
  "gate_lr_mult": 5,
  "use_warmup_cosine": true,
  "warmup_ratio": 0.1,
  "cosine_min_ratio": 0.01,
  "use_ema": false,
  "ema_decay": null,
  "train_ratio": 0.8,
  "device": "cuda",
  "metrics": {
    "RMSE": 2.1765551567077637,
    "MAE": 1.110129714012146,
    "R2": 0.9053195714950562,
    "best_sample_idx": 45,
    "num_test_samples": 1718,
    "best_epoch": 200,
    "train_time_sec": 596.22,
    "total_params": 834343,
    "ppu_gates_final": {
      "gamma_pad": 0.4629313051700592,
      "eta_pad": 0.028212273493409157,
      "gamma_wase": 0.7857969403266907,
      "gamma_dsc": 0.38928893208503723,
      "physbias_w_norm_layer0": 8.740266799926758,
      "physbias_w_norm_layer1": 9.220296859741211,
      "physbias_w_norm_layer2": 9.161561012268066,
      "physbias_w_norm_layer3": 1.5840529203414917
    }
  }
}