metric,value
RMSE,2.1765551567077637
MAE,1.110129714012146
R2,0.9053195714950562
