metric,value
RMSE,2.5167338848114014
MAE,1.539372205734253
R2,0.8691256046295166
