metric,value
RMSE,2.2776284217834473
MAE,1.5111531019210815
R2,0.8893771171569824
