{
  "name": "PSG_only",
  "experiment_phase": "module_screening_first_round",
  "config": {
    "use_psg": true,
    "use_wase": false,
    "use_dsc": false,
    "use_pgia": false
  },
  "module_status": {
    "has_psg": true,
    "psg_in_forward": true,
    "has_wase": false,
    "wase_in_forward": false,
    "has_dsc": false,
    "dsc_in_forward": false,
    "pgia_in_forward": false
  },
  "init_hashes": {
    "backbone_full": "2a3e6c3ce9c47999",
    "backbone_shared": "2a3e6c3ce9c47999",
    "psg": "aad098194ec50ec0",
    "wase": "-",
    "dsc": "-"
  },
  "val_best_epoch": 50,
  "val_rmse": 2.277628388455241,
  "val_mae": 1.5111531019210815,
  "val_mse": 5.187591075897217,
  "val_r2": 0.8893771171569824,
  "val_rmse_last": 2.277628388455241,
  "val_rmse_history": [
    499.64750074427474,
    299.810057056964,
    215.7934667975377,
    167.4373541899328,
    133.0765463464543,
    109.9636170299636,
    92.63882108422473,
    77.76441787540108,
    64.51388991672646,
    54.00771700501466,
    44.721910920780765,
    36.29573657007201,
    29.538694704798335,
    24.422271120028054,
    20.217710017206294,
    17.35136991253996,
    15.153839611810227,
    13.208827124831027,
    11.619244206810528,
    10.565177262169087,
    9.603040738144196,
    8.753286997703215,
    8.068683470932639,
    7.4867997034650715,
    6.97112640780202,
    6.4599936371290685,
    6.090179179645337,
    5.746478121703993,
    5.400762694856832,
    5.121140492194673,
    4.810407505657229,
    4.57780606457593,
    4.338974777285519,
    4.118745859980493,
    3.9575798656046297,
    3.8355741309326032,
    3.627113383937558,
    3.3955141319235844,
    3.277231862428221,
    3.1727914472798444,
    3.0678278452332166,
    2.9334934588278596,
    2.875406485307688,
    2.719051388225817,
    2.645348111412598,
    2.570006378403404,
    2.5491211704443684,
    2.40811679310988,
    2.329589997265374,
    2.277628388455241
  ],
  "train_time_sec": 434.0,
  "total_params": 693936,
  "dataset": "pv2017_ext",
  "seed": 35040,
  "optimizer": "AdamW",
  "learning_rate": 0.00019,
  "gate_lr_mult": 5,
  "weight_decay": 0.0,
  "batch_size": 32,
  "epochs": 50,
  "pred_len": 4,
  "lookback_len": 168,
  "num_variates": 17,
  "target_idx": 4,
  "dim": 128,
  "depth": 4,
  "heads": 2,
  "dim_head": 32,
  "attn_dropout": 0.1,
  "ff_dropout": 0.1,
  "phys_hidden_dim": 32,
  "psg_hidden_dim": 64,
  "wase_hidden_dim": 64,
  "dsc_kernels": [
    3,
    5,
    7
  ],
  "dsc_dropout": 0.0,
  "use_ppu": true,
  "split": {
    "outer_total": 8760,
    "phase_total": 7008,
    "inner_train_samples": 5435,
    "val_samples": 1399,
    "train_ratio_outer": 0.8,
    "train_ratio_inner": 0.8
  }
}