metric,value
RMSE,1.9429978132247925
MAE,1.26383376121521
R2,0.9246402382850647
