metric,value
RMSE,3.5242950916290283
MAE,2.7087059020996094
R2,0.7517637014389038
