{
  "model": "iTransformer_PGIA",
  "des": "ablation_full",
  "dataset": "pv2017_ext",
  "year": 2017,
  "num_samples": 8760,
  "pred_len": 4,
  "lookback_len": 168,
  "num_variates": 17,
  "target_idx": 4,
  "dim": 128,
  "depth": 4,
  "heads": 2,
  "dim_head": 32,
  "phys_hidden_dim": 32,
  "psg_hidden_dim": 64,
  "wase_hidden_dim": 64,
  "dsc_kernels": [
    3,
    5,
    7
  ],
  "dsc_dropout": 0.0,
  "batch_size": 128,
  "learning_rate": 0.001951,
  "epochs": 200,
  "gate_lr_mult": 5,
  "use_warmup_cosine": true,
  "warmup_ratio": 0.1,
  "cosine_min_ratio": 0.01,
  "use_ema": true,
  "ema_decay": 0.999,
  "train_ratio": 0.8,
  "device": "cuda",
  "metrics": {
    "RMSE": 2.3665552139282227,
    "MAE": 1.236932635307312,
    "R2": 0.8880680203437805,
    "best_sample_idx": 1511,
    "num_test_samples": 1718,
    "best_epoch": 200,
    "train_time_sec": 643.11,
    "total_params": 835304,
    "ppu_gates_final": {
      "gamma_psg": -2.225715078907342e-08,
      "gamma_wase": 0.8996676802635193,
      "gamma_dsc": 0.2935502529144287,
      "physbias_w_norm_layer0": 8.298906326293945,
      "physbias_w_norm_layer1": 7.870455265045166,
      "physbias_w_norm_layer2": 5.165066719055176,
      "physbias_w_norm_layer3": 1.8267111778259277
    }
  }
}