metric,value
RMSE,2.3665552139282227
MAE,1.236932635307312
R2,0.8880680203437805
