{
  "model": "iTransformer_PGIA",
  "des": "ppu_former",
  "dataset": "pv2017_ext",
  "year": 2017,
  "num_samples": 8760,
  "pred_len": 1,
  "lookback_len": 168,
  "num_variates": 17,
  "target_idx": 4,
  "dim": 128,
  "depth": 5,
  "heads": 1,
  "dim_head": 32,
  "phys_hidden_dim": 32,
  "psg_hidden_dim": 32,
  "wase_hidden_dim": 64,
  "dsc_kernels": [
    3,
    5,
    7
  ],
  "dsc_dropout": 0.0,
  "batch_size": 32,
  "learning_rate": 0.00019,
  "epochs": 200,
  "train_ratio": 0.9,
  "device": "cuda",
  "metrics": {
    "RMSE": 1.4700390100479126,
    "MAE": 0.7526929378509521,
    "R2": 0.9553696513175964,
    "best_sample_idx": 257,
    "num_test_samples": 860,
    "best_epoch": 193,
    "train_time_sec": 3215.28,
    "total_params": 929481,
    "ppu_gates_final": {
      "gamma_psg": -0.1604015976190567,
      "gamma_wase": 0.279389351606369,
      "gamma_dsc": -0.10502564907073975,
      "alpha_pgia_layer0": -0.2618182897567749,
      "alpha_pgia_layer1": 0.12507730722427368,
      "alpha_pgia_layer2": 0.18054069578647614,
      "alpha_pgia_layer3": -0.1482199728488922,
      "alpha_pgia_layer4": 0.1983128786087036
    }
  }
}