metric,value
RMSE,1.4700390100479126
MAE,0.7526929378509521
R2,0.9553696513175964
