metric,value
RMSE,1.6707019805908203
MAE,0.9596682190895081
R2,0.9442461133003235
