metric,value
RMSE,1.6550862789154053
MAE,0.8375605344772339
R2,0.9485632181167603
