metric,value
RMSE,1.3946772813796997
MAE,0.6503967642784119
R2,0.9635228514671326
