metric,value
RMSE,2.1344268321990967
MAE,1.110396385192871
R2,0.9089516401290894
