epoch,train_eval_loss,train_step_loss,test_loss
1,0.12810419971733322,11.236230735790055,0.171119306072499
