epoch,train_mae,test_mae
1,5.258495807647705,6.372830390930176
