epoch,train_mse,test_mse
1,55.938106536865234,74.72112274169922
