metric,value
RMSE,8.64413833618164
MAE,6.372830390930176
R2,-0.49155187606811523
