epoch,train_r²,test_r²
1,-0.29121339321136475,-0.49155187606811523
