metric,value
RMSE,1.9142452478408813
MAE,1.0883147716522217
R2,0.9182659983634949
