metric,value
RMSE,2.3726184368133545
MAE,1.2815483808517456
R2,0.8836849331855774
