metric,value
RMSE,2.2676892280578613
MAE,1.3513656854629517
R2,0.8937455415725708
