metric,value
RMSE,2.083688497543335
MAE,1.1185383796691895
R2,0.9036787152290344
