metric,value
RMSE,3.2316689491271973
MAE,2.223824977874756
R2,0.791527509689331
