metric,value
RMSE,13.576173782348633
MAE,10.598495483398438
R2,-2.8048837184906006
