metric,value
RMSE,1.8978419303894043
MAE,0.8863440155982971
R2,0.9200755953788757
