metric,value
RMSE,1.5610417127609253
MAE,0.8436158895492554
R2,0.9496729373931885
