metric,value
RMSE,1.440029263496399
MAE,0.7707188129425049
R2,0.958559513092041
