{
  "model": "iTransformer_PGIA_woPSG",
  "des": "ablation_wo_psg",
  "dataset": "pv2017_ext",
  "year": 2017,
  "num_samples": 8760,
  "pred_len": 4,
  "lookback_len": 168,
  "num_variates": 17,
  "target_idx": 4,
  "dim": 128,
  "depth": 3,
  "heads": 1,
  "dim_head": 32,
  "phys_hidden_dim": 32,
  "psg_hidden_dim": 16,
  "wase_hidden_dim": 32,
  "dsc_kernels": [
    3,
    5
  ],
  "dsc_dropout": 0.1,
  "batch_size": 32,
  "learning_rate": 0.00019,
  "epochs": 200,
  "train_ratio": 0.8,
  "device": "cuda",
  "metrics": {
    "RMSE": 1.8438937664031982,
    "MAE": 0.9090288877487183,
    "R2": 0.9320495128631592,
    "best_sample_idx": 646,
    "num_test_samples": 1718,
    "best_epoch": 200,
    "train_time_sec": 2092.04,
    "total_params": 557184,
    "ppu_gates_final": {
      "gamma_wase": 0.8782658576965332,
      "gamma_dsc": -0.04644516855478287,
      "alpha_pgia_layer0": -1.3408335447311401,
      "alpha_pgia_layer1": -1.5962669849395752,
      "alpha_pgia_layer2": 1.4847136735916138
    }
  }
}