metric,value
RMSE,1.8438937664031982
MAE,0.9090288877487183
R2,0.9320495128631592
