{
  "best_rmse": 1.7487750053405762,
  "best_params": {
    "dim": 128,
    "depth": 4,
    "heads": 2,
    "dim_head": 32,
    "learning_rate": 0.001951020967777412,
    "gate_lr_mult": 5.0,
    "psg_hidden_dim": 64,
    "wase_hidden_dim": 64,
    "batch_size": 128
  },
  "pso_config": {
    "particles": 4,
    "iterations": 4,
    "eval_epochs": 80,
    "w": 0.7,
    "c1": 1.5,
    "c2": 1.5
  },
  "fitness_history": [
    1.770384430885315,
    1.7487750053405762,
    1.7487750053405762,
    1.7487750053405762
  ]
}