metric,value
RMSE,2.218083143234253
MAE,1.471189260482788
R2,0.8950856328010559
