{
  "model": "PPU_Full",
  "des": "pso_top3",
  "modules": "PSG+WASE+DSC+PGIA",
  "dataset": "pv2017_ext",
  "year": 2017,
  "pred_len": 4,
  "lookback_len": 168,
  "num_variates": 17,
  "target_idx": 4,
  "use_psg": true,
  "use_wase": true,
  "use_dsc": true,
  "use_pgia": true,
  "use_ppu": true,
  "use_revin": true,
  "dim": 256,
  "depth": 2,
  "heads": 8,
  "dim_head": 32,
  "batch_size": 128,
  "learning_rate": 0.00038705458701655343,
  "weight_decay": 0.0,
  "gate_lr_mult": 10.532912426990944,
  "dsc_gamma_bound": 0.02743183095000675,
  "dsc_lr_mult": 2.5312569681421517,
  "dsc_gamma_lr_mult": 3.152672448325884,
  "epochs": 200,
  "train_ratio": 0.8,
  "device": "cuda",
  "metrics": {
    "RMSE": 2.3205602169036865,
    "MAE": 1.330673336982727,
    "R2": 0.8925068974494934,
    "best_sample_idx": 6,
    "num_test_samples": 1749,
    "best_epoch": 200,
    "train_time_sec": 347.88,
    "total_params": 1760512
  }
}