metric,value
RMSE,2.3205602169036865
MAE,1.330673336982727
R2,0.8925068974494934
