metric,value
RMSE,40.90987014770508
MAE,11.130766868591309
R2,-32.40805435180664
