metric,value
RMSE,1.3986485004425049
MAE,0.7647023797035217
R2,0.9595991969108582
