metric,value
RMSE,1.9432413578033447
MAE,1.0353318452835083
R2,0.924530029296875
