{
  "model": "iTransformer_PGIA",
  "des": "ppu_former",
  "dataset": "pv2017_ext",
  "year": 2017,
  "num_samples": 8760,
  "pred_len": 24,
  "lookback_len": 168,
  "num_variates": 17,
  "target_idx": 4,
  "dim": 128,
  "depth": 5,
  "heads": 1,
  "dim_head": 32,
  "phys_hidden_dim": 32,
  "psg_hidden_dim": 32,
  "wase_hidden_dim": 64,
  "dsc_kernels": [
    3,
    5,
    7
  ],
  "dsc_dropout": 0.0,
  "batch_size": 32,
  "learning_rate": 0.00019,
  "epochs": 100,
  "train_ratio": 0.9,
  "device": "cuda",
  "metrics": {
    "RMSE": 2.243317127227783,
    "MAE": 1.2843852043151855,
    "R2": 0.8960171937942505,
    "best_sample_idx": 318,
    "num_test_samples": 857,
    "best_epoch": 98,
    "train_time_sec": 1541.59,
    "total_params": 932448,
    "ppu_gates_final": {
      "gamma_psg": -0.3413684070110321,
      "gamma_wase": 0.09830843657255173,
      "gamma_dsc": 0.00852036103606224,
      "alpha_pgia_layer0": -0.1507686823606491,
      "alpha_pgia_layer1": 0.16115909814834595,
      "alpha_pgia_layer2": 0.21064625680446625,
      "alpha_pgia_layer3": 0.19788846373558044,
      "alpha_pgia_layer4": 0.21873369812965393
    }
  }
}