metric,value
RMSE,2.243317127227783
MAE,1.2843852043151855
R2,0.8960171937942505
