metric,value
RMSE,1.9118595123291016
MAE,0.982964277267456
R2,0.9269478917121887
