metric,value
RMSE,2.0574779510498047
MAE,1.2173142433166504
R2,0.9126109480857849
