metric,value
RMSE,2.422893762588501
MAE,1.1803861856460571
R2,0.8787033557891846
