metric,value
RMSE,2.080745220184326
MAE,1.1149488687515259
R2,0.9106442332267761
