{
  "model": "iTransformer_PGIA",
  "des": "ablation_full",
  "dataset": "pv2017_ext",
  "year": 2017,
  "num_samples": 8760,
  "pred_len": 4,
  "lookback_len": 168,
  "num_variates": 17,
  "target_idx": 4,
  "dim": 128,
  "depth": 4,
  "heads": 2,
  "dim_head": 32,
  "phys_hidden_dim": 32,
  "psg_hidden_dim": 64,
  "wase_hidden_dim": 64,
  "dsc_kernels": [
    3,
    5,
    7
  ],
  "dsc_dropout": 0.0,
  "batch_size": 128,
  "learning_rate": 0.001951,
  "epochs": 300,
  "gate_lr_mult": 5,
  "use_warmup_cosine": true,
  "warmup_ratio": 0.1,
  "cosine_min_ratio": 0.01,
  "use_ema": true,
  "ema_decay": 0.999,
  "train_ratio": 0.8,
  "device": "cuda",
  "metrics": {
    "RMSE": 1.94222092628479,
    "MAE": 1.013401985168457,
    "R2": 0.9246092438697815,
    "best_sample_idx": 47,
    "num_test_samples": 1718,
    "best_epoch": 201,
    "train_time_sec": 956.98,
    "total_params": 835304,
    "ppu_gates_final": {
      "gamma_psg": -0.6339102387428284,
      "gamma_wase": 0.8693892955780029,
      "gamma_dsc": 0.3766525685787201,
      "physbias_w_norm_layer0": 8.497767448425293,
      "physbias_w_norm_layer1": 6.6982831954956055,
      "physbias_w_norm_layer2": 6.381701946258545,
      "physbias_w_norm_layer3": 1.4584347009658813
    }
  }
}