metric,value
RMSE,1.94222092628479
MAE,1.013401985168457
R2,0.9246092438697815
