metric,value
RMSE,1.7480260133743286
MAE,0.9132767915725708
R2,0.9426242113113403
