metric,value
RMSE,1.1105945110321045
MAE,0.5567861795425415
R2,0.976860761642456
