metric,value
RMSE,2.282271385192871
MAE,1.179909586906433
R2,0.8957186341285706
