metric,value
RMSE,2.2771286964416504
MAE,1.542914867401123
R2,0.8964928984642029
