metric,value
RMSE,18.857561111450195
MAE,14.703083038330078
R2,-6.341041088104248
