metric,value
RMSE,2.4885082244873047
MAE,1.4039610624313354
R2,0.8720446825027466
