{
  "name": "iTransformer-17",
  "experiment_phase": "module_screening_first_round",
  "config": {
    "use_psg": false,
    "use_wase": false,
    "use_dsc": false,
    "use_pgia": false
  },
  "module_status": {
    "has_psg": false,
    "psg_in_forward": false,
    "has_wase": false,
    "wase_in_forward": false,
    "has_dsc": false,
    "dsc_in_forward": false,
    "pgia_in_forward": false
  },
  "init_hashes": {
    "backbone_full": "2a3e6c3ce9c47999",
    "backbone_shared": "2a3e6c3ce9c47999",
    "psg": "-",
    "wase": "-",
    "dsc": "-"
  },
  "val_best_epoch": 50,
  "val_rmse": 2.2180831336839812,
  "val_mae": 1.471189260482788,
  "val_mse": 4.91989278793335,
  "val_r2": 0.8950856328010559,
  "val_rmse_last": 2.2180831336839812,
  "val_rmse_history": [
    502.75018647435627,
    315.828597699765,
    237.03151161818127,
    185.18037026437224,
    148.17808911492278,
    117.72568917031235,
    94.09413400785141,
    68.8472784785735,
    49.61790281034533,
    36.54260275905713,
    28.401781525947563,
    23.001269761570367,
    19.278428525076528,
    16.83364706722772,
    14.765581080457169,
    13.212360397943899,
    12.131439072296565,
    10.889592344782557,
    9.851546236852158,
    9.133730121913029,
    8.547411467681403,
    7.984515224352692,
    7.437926720951881,
    6.83637972899928,
    6.612768433860608,
    6.110121113127779,
    5.784045394170604,
    5.512859223786606,
    5.272599036352426,
    4.910754231872584,
    4.728525709277764,
    4.479910831585821,
    4.267780583727313,
    4.076017222374646,
    3.8725350446205087,
    3.806754989824177,
    3.623407211275816,
    3.415322636433855,
    3.2002716008796774,
    3.0816148832050887,
    2.9632708934760856,
    2.924086116602856,
    2.8642138618559465,
    2.666834577598716,
    2.6093282181435127,
    2.5590169542055836,
    2.4901706103968615,
    2.3974015673338775,
    2.260703377771632,
    2.2180831336839812
  ],
  "train_time_sec": 427.5,
  "total_params": 691230,
  "dataset": "pv2017_ext",
  "seed": 35040,
  "optimizer": "AdamW",
  "learning_rate": 0.00019,
  "gate_lr_mult": 5,
  "weight_decay": 0.0,
  "batch_size": 32,
  "epochs": 50,
  "pred_len": 4,
  "lookback_len": 168,
  "num_variates": 17,
  "target_idx": 4,
  "dim": 128,
  "depth": 4,
  "heads": 2,
  "dim_head": 32,
  "attn_dropout": 0.1,
  "ff_dropout": 0.1,
  "phys_hidden_dim": 32,
  "psg_hidden_dim": 64,
  "wase_hidden_dim": 64,
  "dsc_kernels": [
    3,
    5,
    7
  ],
  "dsc_dropout": 0.0,
  "use_ppu": true,
  "split": {
    "outer_total": 8760,
    "phase_total": 7008,
    "inner_train_samples": 5435,
    "val_samples": 1399,
    "train_ratio_outer": 0.8,
    "train_ratio_inner": 0.8
  }
}