{
  "model": "PPU_Full",
  "des": "frozen_pso_top1",
  "modules": "PSG+WASE+DSC+PGIA",
  "dataset": "pv2017_ext",
  "year": 2017,
  "pred_len": 4,
  "lookback_len": 168,
  "num_variates": 17,
  "target_idx": 4,
  "use_psg": true,
  "use_wase": true,
  "use_dsc": true,
  "use_pgia": true,
  "use_ppu": true,
  "use_revin": true,
  "dim": 192,
  "depth": 2,
  "heads": 2,
  "dim_head": 16,
  "batch_size": 128,
  "learning_rate": 0.0001273536110892301,
  "weight_decay": 0.0,
  "gate_lr_mult": 5.324064377906677,
  "dsc_gamma_bound": 0.009999999776482582,
  "dsc_lr_mult": 0.6302068101206094,
  "dsc_gamma_lr_mult": 1.024075658413647,
  "epochs": 200,
  "train_ratio": 0.8,
  "device": "cuda",
  "metrics": {
    "RMSE": 1.9012497663497925,
    "MAE": 1.0533843040466309,
    "R2": 0.9278438687324524,
    "best_sample_idx": 112,
    "num_test_samples": 1749,
    "best_epoch": 200,
    "train_time_sec": 550.48,
    "total_params": 808344
  }
}