metric,value
RMSE,1.9012497663497925
MAE,1.0533843040466309
R2,0.9278438687324524
