metric,value
RMSE,2.1033449172973633
MAE,1.3136155605316162
R2,0.9116888046264648
