metric,value
RMSE,2.2607452869415283
MAE,1.57700777053833
R2,0.8979769945144653
