metric,value
RMSE,1.8145310878753662
MAE,1.1149145364761353
R2,0.9320303201675415
