metric,value
RMSE,2.689934253692627
MAE,1.403483510017395
R2,0.8386046886444092
