metric,value
RMSE,2.8797221183776855
MAE,1.6869444847106934
R2,0.8231600522994995
