{
  "name": "WASE_only",
  "experiment_phase": "module_screening_first_round",
  "config": {
    "use_psg": false,
    "use_wase": true,
    "use_dsc": false,
    "use_pgia": false
  },
  "module_status": {
    "has_psg": false,
    "psg_in_forward": false,
    "has_wase": true,
    "wase_in_forward": true,
    "has_dsc": false,
    "dsc_in_forward": false,
    "pgia_in_forward": false
  },
  "init_hashes": {
    "backbone_full": "2a3e6c3ce9c47999",
    "backbone_shared": "2a3e6c3ce9c47999",
    "psg": "-",
    "wase": "2f17c1c42b3fa44d",
    "dsc": "-"
  },
  "val_best_epoch": 38,
  "val_rmse": 2.879722200082153,
  "val_mae": 1.6869444847106934,
  "val_mse": 8.292799949645996,
  "val_r2": 0.8231600522994995,
  "val_rmse_last": 2.8964619857529823,
  "val_rmse_history": [
    498.6709680490734,
    252.78031315502005,
    172.66662581945303,
    128.6539538597629,
    99.43599248543005,
    80.99236195662218,
    65.98590122258125,
    54.63912145843855,
    45.384541330687426,
    37.72421252905752,
    31.26052459491393,
    25.77510935392964,
    21.13728868952996,
    17.28736876729609,
    13.904463543959993,
    11.111750224064263,
    8.818546033807989,
    7.028763666304182,
    5.715572954694871,
    4.805564936712635,
    4.235476867778332,
    3.879538554644438,
    3.6474072065570544,
    3.4854053291156166,
    3.364116356786654,
    3.2767142781407244,
    3.1849368392454678,
    3.106772248789275,
    3.0462861885986157,
    2.9932312900280573,
    2.953102878709723,
    2.9240140378017543,
    2.9079374931155564,
    2.8949527819641974,
    2.9030001938912133,
    2.8973681181416913,
    2.9122685287243755,
    2.879722200082153,
    2.890323107651803,
    2.879799030232632,
    2.896502319198041,
    2.9075944313465154,
    2.965905041029187,
    2.9266888951157664,
    2.935418872999378,
    2.9962415994423752,
    2.900294940025194,
    2.9513150274471465,
    2.961352799814345,
    2.8964619857529823
  ],
  "train_time_sec": 442.2,
  "total_params": 794362,
  "dataset": "pv2017_ext",
  "seed": 35040,
  "optimizer": "AdamW",
  "learning_rate": 0.00019,
  "gate_lr_mult": 5,
  "weight_decay": 0.0,
  "batch_size": 32,
  "epochs": 50,
  "pred_len": 4,
  "lookback_len": 168,
  "num_variates": 17,
  "target_idx": 4,
  "dim": 128,
  "depth": 4,
  "heads": 2,
  "dim_head": 32,
  "attn_dropout": 0.1,
  "ff_dropout": 0.1,
  "phys_hidden_dim": 32,
  "psg_hidden_dim": 64,
  "wase_hidden_dim": 64,
  "dsc_kernels": [
    3,
    5,
    7
  ],
  "dsc_dropout": 0.0,
  "use_ppu": true,
  "split": {
    "outer_total": 8760,
    "phase_total": 7008,
    "inner_train_samples": 5435,
    "val_samples": 1399,
    "train_ratio_outer": 0.8,
    "train_ratio_inner": 0.8
  }
}