{
  "model": "iTransformer_PGIA",
  "des": "ppu_former",
  "dataset": "pv2017_ext",
  "year": 2017,
  "num_samples": 8760,
  "pred_len": 1,
  "lookback_len": 168,
  "num_variates": 17,
  "target_idx": 4,
  "dim": 128,
  "depth": 5,
  "heads": 1,
  "dim_head": 32,
  "phys_hidden_dim": 32,
  "psg_hidden_dim": 32,
  "wase_hidden_dim": 64,
  "dsc_kernels": [
    3,
    5,
    7
  ],
  "dsc_dropout": 0.0,
  "batch_size": 32,
  "learning_rate": 0.00019,
  "epochs": 100,
  "train_ratio": 0.9,
  "device": "cuda",
  "metrics": {
    "RMSE": 1.4647743701934814,
    "MAE": 0.8294000625610352,
    "R2": 0.9556887149810791,
    "best_sample_idx": 526,
    "num_test_samples": 860,
    "best_epoch": 78,
    "train_time_sec": 1576.3,
    "total_params": 929481,
    "ppu_gates_final": {
      "gamma_psg": -4.870074272155762,
      "gamma_wase": 0.9883376359939575,
      "gamma_dsc": 0.3007872998714447,
      "alpha_pgia_layer0": -0.15999116003513336,
      "alpha_pgia_layer1": 0.1674405038356781,
      "alpha_pgia_layer2": -0.47343185544013977,
      "alpha_pgia_layer3": -3.1801395416259766,
      "alpha_pgia_layer4": -3.806920289993286
    }
  }
}