metric,value
RMSE,1.4647743701934814
MAE,0.8294000625610352
R2,0.9556887149810791
