metric,value
RMSE,1.679659366607666
MAE,0.8293502330780029
R2,0.9373960494995117
