metric,value
RMSE,1.7310582399368286
MAE,1.0727802515029907
R2,0.9381134510040283
