metric,value
RMSE,1.5063176155090332
MAE,0.7352333068847656
R2,0.9574493169784546
