metric,value
RMSE,1.9473869800567627
MAE,1.2168887853622437
R2,0.9217127561569214
