metric,value
RMSE,3.6361188888549805
MAE,2.867100715637207
R2,0.7360807061195374
