metric,value
RMSE,5.527736186981201
MAE,4.304627895355225
R2,0.3900565505027771
