{
  "model": "PPU_Full_PSO_Top1",
  "dataset_name": "pv2017_ext",
  "year": 2017,
  "num_variates": 17,
  "target_idx": 4,
  "lookback_len": 168,
  "pred_len": 4,
  "epochs": 145,
  "seed": 35040,
  "optimizer": "Adam",
  "scheduler": null,
  "loss": "MSE",
  "weight_decay": 0.0,
  "use_revin": true,
  "use_ppu": true,
  "use_psg": true,
  "use_wase": true,
  "use_dsc": true,
  "use_pgia": true,
  "pso_search_split": "70/10/20",
  "final_train_split": "80/20",
  "final_epoch_source": "candidate_best_epoch_from_pso_validation",
  "uses_validation_in_final_training": false,
  "split": {
    "raw_total_len": 8760,
    "split_idx": 7008,
    "train_raw_range": "[0, 7007]",
    "train_label_range": "[168, 7007]",
    "test_context_range": "[6840, 7007]",
    "test_label_range": "[7008, 8759]",
    "train_samples": 6837,
    "test_samples": 1749,
    "label_overlap": false,
    "scaler_fit_range": "[0, 7007]"
  },
  "params": {
    "dim": 192,
    "depth": 2,
    "heads": 2,
    "dim_head": 16,
    "batch_size": 128,
    "learning_rate": 0.0001273536110892301,
    "dropout": 0.16817512929497844,
    "attn_dropout": 0.16817512929497844,
    "ff_dropout": 0.16817512929497844,
    "gate_lr_mult": 5.324064377906677,
    "dsc_lr_mult": 0.6302068101206094,
    "dsc_gamma_lr_mult": 1.024075658413647,
    "dsc_gamma_bound": 0.009999999776482582
  },
  "source_candidate": {
    "dim": 192,
    "depth": 2,
    "heads": 2,
    "dim_head": 16,
    "batch_size": 128,
    "log10_lr": -3.8949887361821722,
    "dropout": 0.16817512929497844,
    "gate_lr_mult": 5.324064377906677,
    "dsc_lr_mult": 0.6302068101206094,
    "dsc_gamma_lr_mult": 1.024075658413647,
    "dsc_gamma_bound": 0.009999999776482582,
    "fitness": 2.020776227154239,
    "best_val_RMSE": 1.769332234557404,
    "best_epoch": 145,
    "train_val_gap": 0.6729155787084693,
    "late_overfit_gap": 0.018559237906027537,
    "deep_night_RMSE_at_best": 0.4028970003128052,
    "deep_night_abs_max_at_best": 1.618553876876831
  },
  "metrics": {
    "RMSE": 1.7948797675539065,
    "MAE": 0.9456736445426941,
    "R2": 0.9356918931007385,
    "step1_R2": 0.9579207897186279,
    "deep_night_RMSE": 0.31867286562919617,
    "deep_night_pred_abs_max": 1.395485758781433,
    "num_test_samples": 1749,
    "raw_test_points": 1920,
    "final_epochs": 145,
    "source_best_epoch": 145,
    "source_best_val_RMSE": 1.769332234557404,
    "source_fitness": 2.020776227154239,
    "train_time_sec": 412.12
  }
}