metric,value
RMSE,1.7948797675539065
MAE,0.9456736445426941
R2,0.9356918931007385
