metric,value
RMSE,2.110504388809204
MAE,1.2240138053894043
R2,0.9080700278282166
