metric,value
RMSE,2.3930652141571045
MAE,1.252820372581482
R2,0.8818064332008362
