metric,value
RMSE,1.8245664834976196
MAE,0.9380605220794678
R2,0.9312469363212585
