metric,value
RMSE,2.0837056636810303
MAE,1.2588285207748413
R2,0.910368800163269
