metric,value
RMSE,1.527625560760498
MAE,0.7514630556106567
R2,0.9533646106719971
