metric,value
RMSE,2.2780261039733887
MAE,1.201397180557251
R2,0.8964112997055054
