metric,value
RMSE,2.482861042022705
MAE,1.5564312934875488
R2,0.8727700114250183
