metric,value
RMSE,173.83438110351562
MAE,43.629432678222656
R2,-643.3926391601562
