{
  "name": "DSC_only",
  "experiment_phase": "module_screening_first_round",
  "config": {
    "use_psg": false,
    "use_wase": false,
    "use_dsc": true,
    "use_pgia": false
  },
  "module_status": {
    "has_psg": false,
    "psg_in_forward": false,
    "has_wase": false,
    "wase_in_forward": false,
    "has_dsc": true,
    "dsc_in_forward": true,
    "pgia_in_forward": false
  },
  "init_hashes": {
    "backbone_full": "2a3e6c3ce9c47999",
    "backbone_shared": "2a3e6c3ce9c47999",
    "psg": "-",
    "wase": "-",
    "dsc": "b76a3fcb3912d2c0"
  },
  "val_best_epoch": 40,
  "val_rmse": 173.8343826120857,
  "val_mae": 43.629432678222656,
  "val_mse": 30218.392578125,
  "val_r2": -643.3926391601562,
  "val_rmse_last": 183.64436802213675,
  "val_rmse_history": [
    494.3272258838269,
    307.98418435448923,
    260.8560127254114,
    276.36365026446583,
    309.12943537052564,
    329.582311418559,
    332.1914569378629,
    314.8477434610259,
    293.9039623116708,
    274.4366673296409,
    260.19415827416265,
    247.6550414008364,
    237.58863477658184,
    229.45523119990096,
    223.02813023248882,
    216.73625785444852,
    212.98774906083213,
    208.13343639057612,
    204.15422900040548,
    200.17587969708038,
    199.12188086069295,
    194.37299034330877,
    193.6843134620096,
    192.21133998479382,
    187.5035624661569,
    184.64511992603542,
    185.98042571733188,
    183.7176736020517,
    183.71109281967705,
    182.11925179672795,
    177.61392690678846,
    176.6704868887274,
    175.84015401956688,
    175.19104527272506,
    174.3200350200028,
    176.434428108221,
    175.5936637969178,
    175.67623251844572,
    175.61798251104582,
    173.8343826120857,
    174.44257203303326,
    175.27619387876095,
    176.3218049653814,
    176.09538874570225,
    176.727627429542,
    178.99530807398276,
    178.75310311991788,
    181.11222134011277,
    181.99035216530024,
    183.64436802213675
  ],
  "train_time_sec": 422.4,
  "total_params": 692421,
  "dataset": "pv2017_ext",
  "seed": 35040,
  "optimizer": "AdamW",
  "learning_rate": 0.00019,
  "gate_lr_mult": 5,
  "weight_decay": 0.0,
  "batch_size": 32,
  "epochs": 50,
  "pred_len": 4,
  "lookback_len": 168,
  "num_variates": 17,
  "target_idx": 4,
  "dim": 128,
  "depth": 4,
  "heads": 2,
  "dim_head": 32,
  "attn_dropout": 0.1,
  "ff_dropout": 0.1,
  "phys_hidden_dim": 32,
  "psg_hidden_dim": 64,
  "wase_hidden_dim": 64,
  "dsc_kernels": [
    3,
    5,
    7
  ],
  "dsc_dropout": 0.0,
  "use_ppu": true,
  "split": {
    "outer_total": 8760,
    "phase_total": 7008,
    "inner_train_samples": 5435,
    "val_samples": 1399,
    "train_ratio_outer": 0.8,
    "train_ratio_inner": 0.8
  }
}