{
  "model": "PPU_Full_PSO_Top5",
  "dataset_name": "pv2017_ext",
  "year": 2017,
  "num_variates": 17,
  "target_idx": 4,
  "lookback_len": 168,
  "pred_len": 4,
  "epochs": 146,
  "seed": 35040,
  "optimizer": "Adam",
  "scheduler": null,
  "loss": "MSE",
  "weight_decay": 0.0,
  "use_revin": true,
  "use_ppu": true,
  "use_psg": true,
  "use_wase": true,
  "use_dsc": true,
  "use_pgia": true,
  "pso_search_split": "70/10/20",
  "final_train_split": "80/20",
  "final_epoch_source": "candidate_best_epoch_from_pso_validation",
  "uses_validation_in_final_training": false,
  "split": {
    "raw_total_len": 8760,
    "split_idx": 7008,
    "train_raw_range": "[0, 7007]",
    "train_label_range": "[168, 7007]",
    "test_context_range": "[6840, 7007]",
    "test_label_range": "[7008, 8759]",
    "train_samples": 6837,
    "test_samples": 1749,
    "label_overlap": false,
    "scaler_fit_range": "[0, 7007]"
  },
  "params": {
    "dim": 192,
    "depth": 2,
    "heads": 2,
    "dim_head": 32,
    "batch_size": 128,
    "learning_rate": 0.0001,
    "dropout": 0.10792123780538329,
    "attn_dropout": 0.10792123780538329,
    "ff_dropout": 0.10792123780538329,
    "gate_lr_mult": 4.9798379171978215,
    "dsc_lr_mult": 0.8100213964255079,
    "dsc_gamma_lr_mult": 0.5,
    "dsc_gamma_bound": 0.011096712878362395
  },
  "source_candidate": {
    "dim": 192,
    "depth": 2,
    "heads": 2,
    "dim_head": 32,
    "batch_size": 128,
    "log10_lr": -4.0,
    "dropout": 0.10792123780538329,
    "gate_lr_mult": 4.9798379171978215,
    "dsc_lr_mult": 0.8100213964255079,
    "dsc_gamma_lr_mult": 0.5,
    "dsc_gamma_bound": 0.011096712878362395,
    "fitness": 2.1595831893617032,
    "best_val_RMSE": 1.8576045864023962,
    "best_epoch": 146,
    "train_val_gap": 0.7313295046872839,
    "late_overfit_gap": 0.03691103804505591,
    "deep_night_RMSE_at_best": 0.48575395345687866,
    "deep_night_abs_max_at_best": 2.31097674369812
  },
  "metrics": {
    "RMSE": 1.8344593347142408,
    "MAE": 1.0646460056304932,
    "R2": 0.9328244924545288,
    "step1_R2": 0.9534151554107666,
    "deep_night_RMSE": 0.33712273836135864,
    "deep_night_pred_abs_max": 1.499240756034851,
    "num_test_samples": 1749,
    "raw_test_points": 1920,
    "final_epochs": 146,
    "source_best_epoch": 146,
    "source_best_val_RMSE": 1.8576045864023962,
    "source_fitness": 2.1595831893617032,
    "train_time_sec": 411.48
  }
}