metric,value
RMSE,1.8344593347142408
MAE,1.0646460056304932
R2,0.9328244924545288
