metric,value
RMSE,1.9355432987213135
MAE,1.0694307088851929
R2,0.922662079334259
