metric,value
RMSE,1.9666972160339355
MAE,1.0040160417556763
R2,0.922697126865387
