metric,value
RMSE,1.6141570806503296
MAE,0.8790071606636047
R2,0.9511494636535645
