metric,value
RMSE,6.49566650390625
MAE,5.071900844573975
R2,0.1577473282814026
