metric,value
RMSE,1.9645631313323975
MAE,1.0308631658554077
R2,0.9228647947311401
