metric,value
RMSE,1.488853096961975
MAE,0.9052206873893738
R2,0.9542199373245239
