{
  "model": "iTransformer_PGIA",
  "des": "ppu_former",
  "dataset": "pv2017_ext",
  "year": 2017,
  "num_samples": 8760,
  "pred_len": 24,
  "lookback_len": 168,
  "num_variates": 17,
  "target_idx": 4,
  "dim": 128,
  "depth": 5,
  "heads": 1,
  "dim_head": 32,
  "phys_hidden_dim": 32,
  "psg_hidden_dim": 32,
  "wase_hidden_dim": 64,
  "dsc_kernels": [
    3,
    5,
    7
  ],
  "dsc_dropout": 0.0,
  "batch_size": 32,
  "learning_rate": 0.00019,
  "epochs": 100,
  "train_ratio": 0.9,
  "device": "cuda",
  "metrics": {
    "RMSE": 2.285658836364746,
    "MAE": 1.4036227464675903,
    "R2": 0.8920549154281616,
    "best_sample_idx": 347,
    "num_test_samples": 857,
    "best_epoch": 85,
    "train_time_sec": 1547.44,
    "total_params": 932448,
    "ppu_gates_final": {
      "gamma_psg": -1.000138282775879,
      "gamma_wase": 0.12359648942947388,
      "gamma_dsc": 0.03842328488826752,
      "alpha_pgia_layer0": 0.24770815670490265,
      "alpha_pgia_layer1": 0.05336679890751839,
      "alpha_pgia_layer2": 0.17846255004405975,
      "alpha_pgia_layer3": -0.21538566052913666,
      "alpha_pgia_layer4": 0.1641732007265091
    }
  }
}