metric,value
RMSE,2.285658836364746
MAE,1.4036227464675903
R2,0.8920549154281616
