metric,value
RMSE,2.343397378921509
MAE,1.3032116889953613
R2,0.8865323662757874
