metric,value
RMSE,1.6733142137527466
MAE,0.9806132316589355
R2,0.9378436803817749
