metric,value
RMSE,1.8315259218215942
MAE,1.181037425994873
R2,0.9284671545028687
