{
  "name": "PGIA_only",
  "experiment_phase": "module_screening_first_round",
  "config": {
    "use_psg": false,
    "use_wase": false,
    "use_dsc": false,
    "use_pgia": true
  },
  "module_status": {
    "has_psg": false,
    "psg_in_forward": false,
    "has_wase": false,
    "wase_in_forward": false,
    "has_dsc": false,
    "dsc_in_forward": false,
    "pgia_in_forward": true
  },
  "init_hashes": {
    "backbone_full": "ed88e99f727a2ea9",
    "backbone_shared": "2f2d0a1d46148446",
    "psg": "-",
    "wase": "-",
    "dsc": "-"
  },
  "val_best_epoch": 50,
  "val_rmse": 1.8315259810137605,
  "val_mae": 1.181037425994873,
  "val_mse": 3.354487419128418,
  "val_r2": 0.9284671545028687,
  "val_rmse_last": 1.8315259810137605,
  "val_rmse_history": [
    423.1159341717114,
    289.6079381033952,
    202.76189661460063,
    138.55722813606658,
    85.87235599095614,
    51.71343203399263,
    33.686894851939456,
    25.047670614703,
    20.10391931991084,
    16.911972121115582,
    14.580001072510731,
    12.803613772477114,
    11.520437241839568,
    10.432899054933374,
    9.477929830381152,
    8.673791402126158,
    7.928524920549313,
    7.409836813999848,
    6.932212120266596,
    6.411377283157823,
    5.9611889947356165,
    5.522782908800531,
    5.237310787597837,
    4.924320061700738,
    4.762597495054809,
    4.43340273542266,
    4.291168529649414,
    4.053033215638667,
    3.73921955574253,
    3.644159132429689,
    3.4258299664259906,
    3.2930069782033704,
    3.1085503026050074,
    2.964018896704191,
    2.8951156788116728,
    2.789044633909645,
    2.5974772685637824,
    2.5650964004218304,
    2.456728772586515,
    2.347544738863214,
    2.2590039551368055,
    2.250364380047609,
    2.271724199539996,
    2.075503079200028,
    2.0261220907872564,
    2.0938233320005493,
    2.011254118066985,
    1.971169392952077,
    1.8435663681395773,
    1.8315259810137605
  ],
  "train_time_sec": 535.3,
  "total_params": 730018,
  "dataset": "pv2017_ext",
  "seed": 35040,
  "optimizer": "AdamW",
  "learning_rate": 0.00019,
  "gate_lr_mult": 5,
  "weight_decay": 0.0,
  "batch_size": 32,
  "epochs": 50,
  "pred_len": 4,
  "lookback_len": 168,
  "num_variates": 17,
  "target_idx": 4,
  "dim": 128,
  "depth": 4,
  "heads": 2,
  "dim_head": 32,
  "attn_dropout": 0.1,
  "ff_dropout": 0.1,
  "phys_hidden_dim": 32,
  "psg_hidden_dim": 64,
  "wase_hidden_dim": 64,
  "dsc_kernels": [
    3,
    5,
    7
  ],
  "dsc_dropout": 0.0,
  "use_ppu": true,
  "split": {
    "outer_total": 8760,
    "phase_total": 7008,
    "inner_train_samples": 5435,
    "val_samples": 1399,
    "train_ratio_outer": 0.8,
    "train_ratio_inner": 0.8
  }
}