metric,value
RMSE,1.4351083040237427
MAE,0.777715802192688
R2,0.957465410232544
