metric,value
RMSE,2.075169086456299
MAE,0.9552975296974182
R2,0.9139347672462463
