metric,value
RMSE,1.475516438484192
MAE,0.7369203567504883
R2,0.9550364017486572
