metric,value
RMSE,2.525277614593506
MAE,1.3322577476501465
R2,0.8725502490997314
