metric,value
RMSE,2.2090818881988525
MAE,1.488168716430664
R2,0.9025866389274597
