metric,value
RMSE,2.0935158729553223
MAE,1.060118317604065
R2,0.9124062061309814
