metric,value
RMSE,2.4748194217681885
MAE,1.2076667547225952
R2,0.8735927939414978
