metric,value
RMSE,1.4105572700500488
MAE,0.7284696102142334
R2,0.9589083194732666
