metric,value
RMSE,1.3263020515441895
MAE,0.6936962008476257
R2,0.9669992923736572
