metric,value
RMSE,2.241102933883667
MAE,1.2592226266860962
R2,0.8997421264648438
