metric,value
RMSE,1.9914171695709229
MAE,1.3547929525375366
R2,0.9208375215530396
