metric,value
RMSE,1.8859388828277588
MAE,0.9416704177856445
R2,0.9265753626823425
