{
  "model": "iTransformer_PGIA",
  "des": "ppu_former_v2",
  "dataset": "pv2017_ext",
  "year": 2017,
  "num_samples": 8760,
  "pred_len": 1,
  "lookback_len": 168,
  "num_variates": 17,
  "target_idx": 4,
  "dim": 128,
  "depth": 5,
  "heads": 1,
  "dim_head": 32,
  "phys_hidden_dim": 32,
  "psg_hidden_dim": 32,
  "wase_hidden_dim": 64,
  "dsc_kernels": [
    3,
    5,
    7
  ],
  "dsc_dropout": 0.0,
  "batch_size": 32,
  "learning_rate": 0.00019,
  "epochs": 100,
  "train_ratio": 0.9,
  "device": "cuda",
  "metrics": {
    "RMSE": 1.4615625143051147,
    "MAE": 0.7943780422210693,
    "R2": 0.9558828473091125,
    "best_sample_idx": 530,
    "num_test_samples": 860,
    "best_epoch": 86,
    "train_time_sec": 1526.82,
    "total_params": 929481,
    "ppu_gates_final": {
      "gamma_psg": -1.9382573366165161,
      "gamma_wase": 0.7415388226509094,
      "gamma_dsc": 0.12290356308221817,
      "alpha_pgia_layer0": 0.035834431648254395,
      "alpha_pgia_layer1": 1.144836664199829,
      "alpha_pgia_layer2": -0.053309835493564606,
      "alpha_pgia_layer3": 1.574918508529663,
      "alpha_pgia_layer4": 1.440342664718628
    }
  }
}