metric,value
RMSE,1.4615625143051147
MAE,0.7943780422210693
R2,0.9558828473091125
