metric,value
RMSE,2.0940632820129395
MAE,1.1569122076034546
R2,0.9021891355514526
