metric,value
RMSE,1.366188406944275
MAE,0.669316291809082
R2,0.9649978876113892
