metric,value
RMSE,2.2183947563171387
MAE,1.123740553855896
R2,0.8902295827865601
