metric,value
RMSE,1.5605323314666748
MAE,0.7515949606895447
R2,0.9497057795524597
