metric,value
RMSE,2.0113823413848877
MAE,1.057347297668457
R2,0.9164828062057495
