metric,value
RMSE,1.425581455230713
MAE,0.7289254665374756
R2,0.9618883728981018
