metric,value
RMSE,2.0267457962036133
MAE,1.0615631341934204
R2,0.9179044961929321
