metric,value
RMSE,2.224764823913574
MAE,1.196644902229309
R2,0.8978226184844971
