metric,value
RMSE,2.2177987098693848
MAE,1.313424825668335
R2,0.9018163084983826
