metric,value
RMSE,1.8126307725906372
MAE,0.9576046466827393
R2,0.9343341588973999
