metric,value
RMSE,1.9058529138565063
MAE,1.0418399572372437
R2,0.9250165820121765
