metric,value
RMSE,2.898836612701416
MAE,1.853118658065796
R2,0.8322577476501465
