metric,value
RMSE,2.450472831726074
MAE,1.3664743900299072
R2,0.8759262561798096
