metric,value
RMSE,2.323298454284668
MAE,1.3178489208221436
R2,0.8884704113006592
