{
  "model": "iTransformer_PGIA",
  "des": "ablation_full",
  "dataset": "pv2017_ext",
  "year": 2017,
  "num_samples": 8760,
  "pred_len": 4,
  "lookback_len": 168,
  "num_variates": 17,
  "target_idx": 4,
  "dim": 128,
  "depth": 5,
  "heads": 1,
  "dim_head": 32,
  "phys_hidden_dim": 32,
  "psg_hidden_dim": 32,
  "wase_hidden_dim": 64,
  "dsc_kernels": [
    3,
    5,
    7
  ],
  "dsc_dropout": 0.0,
  "batch_size": 32,
  "learning_rate": 0.00019,
  "epochs": 300,
  "train_ratio": 0.8,
  "device": "cuda",
  "metrics": {
    "RMSE": 1.9428411722183228,
    "MAE": 1.0165870189666748,
    "R2": 0.924561083316803,
    "best_sample_idx": 274,
    "num_test_samples": 1718,
    "best_epoch": 300,
    "train_time_sec": 4731.75,
    "total_params": 928588,
    "ppu_gates_final": {
      "gamma_psg": -0.8380012512207031,
      "gamma_wase": 0.8943544030189514,
      "gamma_dsc": 0.19107230007648468,
      "alpha_pgia_layer0": -2.7115607261657715,
      "alpha_pgia_layer1": 2.4255638122558594,
      "alpha_pgia_layer2": -2.500664234161377,
      "alpha_pgia_layer3": 3.113929510116577,
      "alpha_pgia_layer4": 2.0443263053894043
    }
  }
}