metric,value
RMSE,1.9428411722183228
MAE,1.0165870189666748
R2,0.924561083316803
