metric,value
RMSE,2.22816801071167
MAE,1.0834972858428955
R2,0.8974168300628662
