metric,value
RMSE,1.9307715892791748
MAE,1.0167738199234009
R2,0.9254955053329468
