metric,value
RMSE,2.081484794616699
MAE,1.1434723138809204
R2,0.9135148525238037
