metric,value
RMSE,2.543485403060913
MAE,1.348448395729065
R2,0.8707057237625122
