metric,value
RMSE,2.7082126140594482
MAE,1.3969805240631104
R2,0.8535934686660767
