metric,value
RMSE,1.8877791166305542
MAE,0.9936919808387756
R2,0.9287765026092529
