metric,value
RMSE,1.9985774755477905
MAE,1.4749248027801514
R2,0.9175428152084351
