metric,value
RMSE,1.6823676824569702
MAE,0.8265129327774048
R2,0.9469219446182251
