metric,value
RMSE,1.8385906122913043
MAE,0.9863994121551514
R2,0.9325215816497803
