metric,value
RMSE,1.9120906591415405
MAE,1.299692988395691
R2,0.9245249032974243
