metric,value
RMSE,2.075485944747925
MAE,1.1424543857574463
R2,0.9110745191574097
