metric,value
RMSE,2.468651533126831
MAE,1.5050169229507446
R2,0.8740785121917725
