metric,value
RMSE,2.618715763092041
MAE,1.6452057361602783
R2,0.8584657907485962
