metric,value
RMSE,1.5590465068817139
MAE,0.8782492876052856
R2,0.949801504611969
