metric,value
RMSE,2.0623183250427246
MAE,1.1717058420181274
R2,0.9056220650672913
