metric,value
RMSE,2.13323712348938
MAE,1.2521388530731201
R2,0.9059717655181885
