metric,value
RMSE,1.9022533893585205
MAE,0.9186154007911682
R2,0.9276801347732544
