{
  "model": "PPU_Full_PSO_Top4",
  "dataset_name": "pv2017_ext",
  "year": 2017,
  "num_variates": 17,
  "target_idx": 4,
  "lookback_len": 168,
  "pred_len": 4,
  "epochs": 146,
  "seed": 35040,
  "optimizer": "Adam",
  "scheduler": null,
  "loss": "MSE",
  "weight_decay": 0.0,
  "use_revin": true,
  "use_ppu": true,
  "use_psg": true,
  "use_wase": true,
  "use_dsc": true,
  "use_pgia": true,
  "pso_search_split": "70/10/20",
  "final_train_split": "80/20",
  "final_epoch_source": "candidate_best_epoch_from_pso_validation",
  "uses_validation_in_final_training": false,
  "split": {
    "raw_total_len": 8760,
    "split_idx": 7008,
    "train_raw_range": "[0, 7007]",
    "train_label_range": "[168, 7007]",
    "test_context_range": "[6840, 7007]",
    "test_label_range": "[7008, 8759]",
    "train_samples": 6837,
    "test_samples": 1749,
    "label_overlap": false,
    "scaler_fit_range": "[0, 7007]"
  },
  "params": {
    "dim": 192,
    "depth": 2,
    "heads": 2,
    "dim_head": 16,
    "batch_size": 128,
    "learning_rate": 0.00012246867480765735,
    "dropout": 0.10000000149011612,
    "attn_dropout": 0.10000000149011612,
    "ff_dropout": 0.10000000149011612,
    "gate_lr_mult": 4.591690368252886,
    "dsc_lr_mult": 0.787186736675433,
    "dsc_gamma_lr_mult": 0.5,
    "dsc_gamma_bound": 0.018209479490792147
  },
  "source_candidate": {
    "dim": 192,
    "depth": 2,
    "heads": 2,
    "dim_head": 16,
    "batch_size": 128,
    "log10_lr": -3.9119749814863924,
    "dropout": 0.10000000149011612,
    "gate_lr_mult": 4.591690368252886,
    "dsc_lr_mult": 0.787186736675433,
    "dsc_gamma_lr_mult": 0.5,
    "dsc_gamma_bound": 0.018209479490792147,
    "fitness": 2.0910437145157554,
    "best_val_RMSE": 1.8049101588961156,
    "best_epoch": 146,
    "train_val_gap": 0.716771038516606,
    "late_overfit_gap": 0.029958982081113028,
    "deep_night_RMSE_at_best": 0.4756864011287689,
    "deep_night_abs_max_at_best": 2.1710822582244873
  },
  "metrics": {
    "RMSE": 1.8282190282392492,
    "MAE": 1.0172587633132935,
    "R2": 0.9332807064056396,
    "step1_R2": 0.9584460258483887,
    "deep_night_RMSE": 0.3609914481639862,
    "deep_night_pred_abs_max": 1.6239404678344727,
    "num_test_samples": 1749,
    "raw_test_points": 1920,
    "final_epochs": 146,
    "source_best_epoch": 146,
    "source_best_val_RMSE": 1.8049101588961156,
    "source_fitness": 2.0910437145157554,
    "train_time_sec": 349.61
  }
}