metric,value
RMSE,1.8282190282392492
MAE,1.0172587633132935
R2,0.9332807064056396
