metric,value
RMSE,2.2107326984405518
MAE,1.1373387575149536
R2,0.9023253321647644
