metric,value
RMSE,1.621912956237793
MAE,0.9051547050476074
R2,0.9456714987754822
