metric,value
RMSE,2.868253469467163
MAE,1.4508662223815918
R2,0.8357784748077393
