metric,value
RMSE,2.4320030212402344
MAE,1.3383058309555054
R2,0.877900242805481
