metric,value
RMSE,2.3445606231689453
MAE,1.126645803451538
R2,0.8864197134971619
