metric,value
RMSE,1.422447919845581
MAE,0.7102319002151489
R2,0.9582126140594482
