{
  "model": "iTransformer_PGIA",
  "des": "ppu_former",
  "dataset": "pv2017_ext",
  "year": 2017,
  "num_samples": 8760,
  "pred_len": 1,
  "lookback_len": 168,
  "num_variates": 17,
  "target_idx": 4,
  "dim": 128,
  "depth": 5,
  "heads": 1,
  "dim_head": 32,
  "phys_hidden_dim": 32,
  "psg_hidden_dim": 32,
  "wase_hidden_dim": 64,
  "dsc_kernels": [
    3,
    5,
    7
  ],
  "dsc_dropout": 0.0,
  "batch_size": 32,
  "learning_rate": 0.00019,
  "epochs": 100,
  "train_ratio": 0.9,
  "device": "cuda",
  "metrics": {
    "RMSE": 1.4783680438995361,
    "MAE": 0.8298283219337463,
    "R2": 0.9548624753952026,
    "best_sample_idx": 640,
    "num_test_samples": 860,
    "best_epoch": 81,
    "train_time_sec": 1576.7,
    "total_params": 929481,
    "ppu_gates_final": {
      "gamma_psg": -0.5216395258903503,
      "gamma_wase": 1.0172066688537598,
      "gamma_dsc": -0.22485920786857605,
      "alpha_pgia_layer0": -0.314955472946167,
      "alpha_pgia_layer1": -0.055082056671381,
      "alpha_pgia_layer2": 1.7875590324401855,
      "alpha_pgia_layer3": 1.256256103515625,
      "alpha_pgia_layer4": 1.815377950668335
    }
  }
}