metric,value
RMSE,1.4783680438995361
MAE,0.8298283219337463
R2,0.9548624753952026
