metric,value
RMSE,6.965861797332764
MAE,6.041359901428223
R2,-0.0021262168884277344
