metric,value
RMSE,2.001742124557495
MAE,0.9660414457321167
R2,0.9199175834655762
