metric,value
RMSE,1.4772425889968872
MAE,0.8084311485290527
R2,0.9563900232315063
