metric,value
RMSE,5.725459098815918
MAE,4.522359848022461
R2,0.3448490500450134
