metric,value
RMSE,2.5059659481048584
MAE,1.379865050315857
R2,0.870305061340332
