metric,value
RMSE,16.57716178894043
MAE,13.133683204650879
R2,-4.4854888916015625
