metric,value
RMSE,1.9079763889312744
MAE,0.9323362708091736
R2,0.9248493909835815
