metric,value
RMSE,1.7863867282867432
MAE,0.9855639934539795
R2,0.9292041659355164
