{
  "model": "iTransformer_PGIA",
  "des": "ablation_full",
  "dataset": "pv2017_ext",
  "year": 2017,
  "num_samples": 8760,
  "pred_len": 24,
  "lookback_len": 168,
  "num_variates": 17,
  "target_idx": 4,
  "dim": 128,
  "depth": 4,
  "heads": 2,
  "dim_head": 32,
  "phys_hidden_dim": 32,
  "psg_hidden_dim": 64,
  "wase_hidden_dim": 64,
  "dsc_kernels": [
    3,
    5,
    7
  ],
  "dsc_dropout": 0.0,
  "batch_size": 128,
  "learning_rate": 0.001951,
  "epochs": 300,
  "gate_lr_mult": 5,
  "use_warmup_cosine": true,
  "warmup_ratio": 0.1,
  "cosine_min_ratio": 0.01,
  "use_ema": true,
  "ema_decay": 0.999,
  "train_ratio": 0.8,
  "device": "cuda",
  "metrics": {
    "RMSE": 2.493644952774048,
    "MAE": 1.3677551746368408,
    "R2": 0.8755080103874207,
    "best_sample_idx": 309,
    "num_test_samples": 1714,
    "best_epoch": 162,
    "train_time_sec": 914.67,
    "total_params": 837884,
    "ppu_gates_final": {
      "gamma_psg": -0.4919034242630005,
      "gamma_wase": 0.9446580410003662,
      "gamma_dsc": 0.33956027030944824,
      "physbias_w_norm_layer0": 11.856851577758789,
      "physbias_w_norm_layer1": 11.247937202453613,
      "physbias_w_norm_layer2": 9.920567512512207,
      "physbias_w_norm_layer3": 2.6414589881896973
    }
  }
}