metric,value
RMSE,2.493644952774048
MAE,1.3677551746368408
R2,0.8755080103874207
