metric,value
RMSE,1.9525916576385498
MAE,1.1529884338378906
R2,0.9212937355041504
