metric,value
RMSE,2.314136266708374
MAE,1.3029427528381348
R2,0.8894485235214233
