metric,value
RMSE,2.5308048725128174
MAE,1.8660883903503418
R2,0.8721466064453125
