metric,value
RMSE,2.3099474906921387
MAE,1.6157758235931396
R2,0.8934878706932068
