metric,value
RMSE,1.5425794124603271
MAE,0.8814659118652344
R2,0.9508563280105591
