metric,value
RMSE,1.5720335245132446
MAE,0.7733561992645264
R2,0.9536658525466919
