metric,value
RMSE,1.3385149240493774
MAE,0.7665199637413025
R2,0.9602280259132385
