metric,value
RMSE,1.8932596445083618
MAE,1.0622931718826294
R2,0.932694137096405
