metric,value
RMSE,2.278367519378662
MAE,1.2140141725540161
R2,0.8848392963409424
