metric,value
RMSE,1.6871285438537598
MAE,0.9628674983978271
R2,0.9412146806716919
