metric,value
RMSE,2.0120885372161865
MAE,1.0772194862365723
R2,0.9190876483917236
