metric,value
RMSE,1.9092652797698975
MAE,1.2043060064315796
R2,0.9272341728210449
