metric,value
RMSE,1.9346789121627808
MAE,1.1794687509536743
R2,0.929716944694519
