metric,value
RMSE,2.051741361618042
MAE,1.034031629562378
R2,0.9065876007080078
