{
  "model": "iTransformer_PGIA",
  "des": "ablation_full",
  "dataset": "pv2017_ext",
  "year": 2017,
  "num_samples": 8760,
  "pred_len": 1,
  "lookback_len": 168,
  "num_variates": 17,
  "target_idx": 4,
  "dim": 128,
  "depth": 5,
  "heads": 1,
  "dim_head": 32,
  "phys_hidden_dim": 32,
  "psg_hidden_dim": 32,
  "wase_hidden_dim": 64,
  "dsc_kernels": [
    3,
    5,
    7
  ],
  "dsc_dropout": 0.0,
  "batch_size": 32,
  "learning_rate": 0.00019,
  "epochs": 300,
  "train_ratio": 0.8,
  "device": "cuda",
  "metrics": {
    "RMSE": 1.5494028329849243,
    "MAE": 0.8186672329902649,
    "R2": 0.9520254731178284,
    "best_sample_idx": 926,
    "num_test_samples": 1719,
    "best_epoch": 300,
    "train_time_sec": 4667.31,
    "total_params": 928201,
    "ppu_gates_final": {
      "gamma_psg": -2.0224030017852783,
      "gamma_wase": 1.1305196285247803,
      "gamma_dsc": 0.23454394936561584,
      "alpha_pgia_layer0": 2.0380210876464844,
      "alpha_pgia_layer1": -1.7925314903259277,
      "alpha_pgia_layer2": -2.679766893386841,
      "alpha_pgia_layer3": -2.143740177154541,
      "alpha_pgia_layer4": 2.804879665374756
    }
  }
}