metric,value
RMSE,1.5494028329849243
MAE,0.8186672329902649
R2,0.9520254731178284
