metric,value
RMSE,2.5221619606018066
MAE,1.2555071115493774
R2,0.8587864637374878
