metric,value
RMSE,1.927539587020874
MAE,1.292962908744812
R2,0.9233003854751587
