metric,value
RMSE,6.666675090789795
MAE,5.17944860458374
R2,0.11281633377075195
