metric,value
RMSE,2.06461763381958
MAE,1.1984292268753052
R2,0.9120033979415894
