metric,value
RMSE,2.2691490650177
MAE,1.27570641040802
R2,0.8936086893081665
