metric,value
RMSE,1.6770180463790894
MAE,0.8125659823417664
R2,0.9472705721855164
