metric,value
RMSE,2.9907281398773193
MAE,1.8256381750106812
R2,0.8153537511825562
