metric,value
RMSE,1.880324363708496
MAE,1.0421613454818726
R2,0.9336709380149841
