metric,value
RMSE,1.9936573505401611
MAE,1.3287523984909058
R2,0.9206593036651611
