metric,value
RMSE,1.4369895458221436
MAE,0.6761063933372498
R2,0.954160749912262
