metric,value
RMSE,2.080146074295044
MAE,1.222435712814331
R2,0.9106747508049011
