metric,value
RMSE,1.5966296195983887
MAE,0.8110207915306091
R2,0.9490563273429871
