{
  "model": "iTransformer_PGIA",
  "des": "ablation_full",
  "dataset": "pv2017_ext",
  "year": 2017,
  "num_samples": 8760,
  "pred_len": 4,
  "lookback_len": 168,
  "num_variates": 17,
  "target_idx": 4,
  "dim": 128,
  "depth": 3,
  "heads": 1,
  "dim_head": 32,
  "phys_hidden_dim": 32,
  "psg_hidden_dim": 16,
  "wase_hidden_dim": 32,
  "dsc_kernels": [
    3,
    5
  ],
  "dsc_dropout": 0.1,
  "batch_size": 32,
  "learning_rate": 0.00019,
  "epochs": 200,
  "train_ratio": 0.8,
  "device": "cuda",
  "metrics": {
    "RMSE": 1.8665040731430054,
    "MAE": 0.9507748484611511,
    "R2": 0.9303728342056274,
    "best_sample_idx": 289,
    "num_test_samples": 1718,
    "best_epoch": 200,
    "train_time_sec": 2211.23,
    "total_params": 557427,
    "ppu_gates_final": {
      "gamma_psg": -0.6301888227462769,
      "gamma_wase": 0.9337049126625061,
      "gamma_dsc": 0.05454104393720627,
      "alpha_pgia_layer0": 1.7501840591430664,
      "alpha_pgia_layer1": 2.0079636573791504,
      "alpha_pgia_layer2": -1.1195553541183472
    }
  }
}