metric,value
RMSE,1.8665040731430054
MAE,0.9507748484611511
R2,0.9303728342056274
