metric,value
RMSE,1.402740716934204
MAE,0.7249653935432434
R2,0.9593624472618103
