metric,value
RMSE,1.9800132513046265
MAE,1.283202886581421
R2,0.9217415452003479
