metric,value
RMSE,2.2048702239990234
MAE,1.2946590185165405
R2,0.899665355682373
