metric,value
RMSE,1.5807307958602905
MAE,0.8941681385040283
R2,0.9483953714370728
