metric,value
RMSE,2.781508445739746
MAE,1.5460728406906128
R2,0.8403218388557434
