metric,value
RMSE,1.9481170177459717
MAE,0.9971395134925842
R2,0.924150824546814
