metric,value
RMSE,1.4807696342468262
MAE,0.735174298286438
R2,0.9547156691551208
