metric,value
RMSE,1.6967796087265015
MAE,1.1632519960403442
R2,0.9405401945114136
