metric,value
RMSE,2.0064308643341064
MAE,1.0380741357803345
R2,0.9106889367103577
