metric,value
RMSE,1.9103790521621704
MAE,1.2319364547729492
R2,0.9246599674224854
