metric,value
RMSE,1.5695765018463135
MAE,1.0484331846237183
R2,0.9491211175918579
