{
  "model": "PPU_Full_PSO_Top2",
  "dataset_name": "pv2017_ext",
  "year": 2017,
  "num_variates": 17,
  "target_idx": 4,
  "lookback_len": 168,
  "pred_len": 4,
  "epochs": 145,
  "seed": 35040,
  "optimizer": "Adam",
  "scheduler": null,
  "loss": "MSE",
  "weight_decay": 0.0,
  "use_revin": true,
  "use_ppu": true,
  "use_psg": true,
  "use_wase": true,
  "use_dsc": true,
  "use_pgia": true,
  "pso_search_split": "70/10/20",
  "final_train_split": "80/20",
  "final_epoch_source": "candidate_best_epoch_from_pso_validation",
  "uses_validation_in_final_training": false,
  "split": {
    "raw_total_len": 8760,
    "split_idx": 7008,
    "train_raw_range": "[0, 7007]",
    "train_label_range": "[168, 7007]",
    "test_context_range": "[6840, 7007]",
    "test_label_range": "[7008, 8759]",
    "train_samples": 6837,
    "test_samples": 1749,
    "label_overlap": false,
    "scaler_fit_range": "[0, 7007]"
  },
  "params": {
    "dim": 192,
    "depth": 2,
    "heads": 2,
    "dim_head": 16,
    "batch_size": 128,
    "learning_rate": 0.0001,
    "dropout": 0.10000000149011612,
    "attn_dropout": 0.10000000149011612,
    "ff_dropout": 0.10000000149011612,
    "gate_lr_mult": 5.210011900776778,
    "dsc_lr_mult": 0.6658810907954577,
    "dsc_gamma_lr_mult": 0.8326843113346063,
    "dsc_gamma_bound": 0.011921415677446937
  },
  "source_candidate": {
    "dim": 192,
    "depth": 2,
    "heads": 2,
    "dim_head": 16,
    "batch_size": 128,
    "log10_lr": -4.0,
    "dropout": 0.10000000149011612,
    "gate_lr_mult": 5.210011900776778,
    "dsc_lr_mult": 0.6658810907954577,
    "dsc_gamma_lr_mult": 0.8326843113346063,
    "dsc_gamma_bound": 0.011921415677446937,
    "fitness": 2.044344651619197,
    "best_val_RMSE": 1.7850918747795053,
    "best_epoch": 145,
    "train_val_gap": 0.6589719179078097,
    "late_overfit_gap": 0.020556369332936697,
    "deep_night_RMSE_at_best": 0.49129655957221985,
    "deep_night_abs_max_at_best": 2.043067216873169
  },
  "metrics": {
    "RMSE": 1.8273868863941505,
    "MAE": 0.9796656966209412,
    "R2": 0.9333414435386658,
    "step1_R2": 0.9567260146141052,
    "deep_night_RMSE": 0.38143831491470337,
    "deep_night_pred_abs_max": 1.6856708526611328,
    "num_test_samples": 1749,
    "raw_test_points": 1920,
    "final_epochs": 145,
    "source_best_epoch": 145,
    "source_best_val_RMSE": 1.7850918747795053,
    "source_fitness": 2.044344651619197,
    "train_time_sec": 412.82
  }
}