metric,value
RMSE,1.8273868863941505
MAE,0.9796656966209412
R2,0.9333414435386658
