metric,value
RMSE,2.1392290592193604
MAE,1.0690336227416992
R2,0.9085415005683899
